{"cameraMode":{"drawMode":0,"name":"Shaded","section":"Shading Mode"},"sceneLighting":true,"audioPlay":false,"sceneViewState":{"m_AlwaysRefresh":false,"showFog":true,"showSkybox":true,"showFlares":true,"showImageEffects":true,"showParticleSystems":true,"showVisualEffectGraphs":true,"m_FxEnabled":true},"in2DMode":false,"pivot":{"x":1109.049560546875,"y":124.21368408203125,"z":272.61883544921877},"rotation":{"x":-0.533214271068573,"y":-0.0034659227821975948,"z":0.002177678979933262,"w":-0.8459774851799011},"size":188.32838439941407,"orthographic":false}