{"cameraMode":{"drawMode":0,"name":"Shaded","section":"Shading Mode"},"sceneLighting":true,"audioPlay":false,"sceneViewState":{"m_AlwaysRefresh":false,"showFog":true,"showSkybox":true,"showFlares":true,"showImageEffects":true,"showParticleSystems":true,"showVisualEffectGraphs":true,"m_FxEnabled":true},"in2DMode":false,"pivot":{"x":408.5257263183594,"y":-16.457412719726564,"z":396.23095703125},"rotation":{"x":0.40162378549575808,"y":0.020602837204933168,"z":-0.009037435054779053,"w":0.9155343770980835},"size":59.98035430908203,"orthographic":false}